source,client,idx,dt_ns
frame,standalone,0,43840800
frame,standalone,1,22846100
frame,standalone,2,23925700
frame,standalone,3,25861100
frame,standalone,4,23119300
frame,standalone,5,23196200
frame,standalone,6,25082100
frame,standalone,7,23663600
frame,standalone,8,24208800
frame,standalone,9,23429600
frame,standalone,10,21163200
frame,standalone,11,19683400
frame,standalone,12,17477300
frame,standalone,13,18752700
frame,standalone,14,18059500
frame,standalone,15,20540800
frame,standalone,16,18890500
frame,standalone,17,17602300
frame,standalone,18,19140300
frame,standalone,19,19504800
frame,standalone,20,17981600
frame,standalone,21,18087100
frame,standalone,22,18530200
frame,standalone,23,17988800
frame,standalone,24,30989200
frame,standalone,25,22647300
frame,standalone,26,25219700
frame,standalone,27,20661800
frame,standalone,28,24412200
frame,standalone,29,18943600
frame,standalone,30,18736600
frame,standalone,31,18427700
frame,standalone,32,17564500
frame,standalone,33,17444900
frame,standalone,34,17671500
frame,standalone,35,20279000
frame,standalone,36,20967000
frame,standalone,37,18362100
frame,standalone,38,17367200
frame,standalone,39,18856400
frame,standalone,40,17662300
frame,standalone,41,17183600
frame,standalone,42,18055900
frame,standalone,43,20420200
frame,standalone,44,18697200
frame,standalone,45,17531000
frame,standalone,46,17131500
frame,standalone,47,17688000
frame,standalone,48,18331400
frame,standalone,49,17231800
frame,standalone,50,16991400
frame,standalone,51,17131900
frame,standalone,52,17039900
frame,standalone,53,18969200
frame,standalone,54,17538000
frame,standalone,55,18194100
frame,standalone,56,19563600
frame,standalone,57,17816000
frame,standalone,58,18845900
frame,standalone,59,19714200
frame,standalone,60,20434600
frame,standalone,61,21369600
frame,standalone,62,20773000
frame,standalone,63,22088700
frame,standalone,64,22956800
frame,standalone,65,19264500
frame,standalone,66,17056600
frame,standalone,67,17598600
frame,standalone,68,20506200
frame,standalone,69,17586800
frame,standalone,70,17988600
frame,standalone,71,20579400
frame,standalone,72,17331800
frame,standalone,73,18691300
frame,standalone,74,17184500
frame,standalone,75,19438800
frame,standalone,76,17799000
frame,standalone,77,18571500
frame,standalone,78,17861000
frame,standalone,79,19660700
frame,standalone,80,19598800
frame,standalone,81,19229500
frame,standalone,82,18057700
frame,standalone,83,18842300
frame,standalone,84,17433000
frame,standalone,85,17781100
frame,standalone,86,19919700
frame,standalone,87,21103900
frame,standalone,88,18085400
frame,standalone,89,18662900
frame,standalone,90,20076400
frame,standalone,91,18879900
frame,standalone,92,17159600
frame,standalone,93,17327600
frame,standalone,94,17392200
frame,standalone,95,20557800
frame,standalone,96,19328600
frame,standalone,97,17130700
frame,standalone,98,17723800
frame,standalone,99,17674900
frame,standalone,100,18756000
frame,standalone,101,21360000
frame,standalone,102,21107000
frame,standalone,103,22410900
frame,standalone,104,20139100
frame,standalone,105,17111000
frame,standalone,106,17288400
frame,standalone,107,17839600
frame,standalone,108,19455000
frame,standalone,109,19338600
frame,standalone,110,17505200
frame,standalone,111,20511100
frame,standalone,112,17183000
frame,standalone,113,18826500
frame,standalone,114,18255700
frame,standalone,115,18035500
frame,standalone,116,19725900
frame,standalone,117,22075600
frame,standalone,118,19000300
frame,standalone,119,17085000
frame,standalone,120,18016700
frame,standalone,121,19421800
frame,standalone,122,17558400
frame,standalone,123,18065800
frame,standalone,124,18128300
frame,standalone,125,18036000
frame,standalone,126,18889200
frame,standalone,127,19010400
frame,standalone,128,17694200
frame,standalone,129,19845500
frame,standalone,130,20126700
frame,standalone,131,18697900
frame,standalone,132,22411800
frame,standalone,133,22105800
frame,standalone,134,19033300
frame,standalone,135,19195300
frame,standalone,136,17929800
frame,standalone,137,17159800
frame,standalone,138,17204700
frame,standalone,139,19491300
frame,standalone,140,18446800
frame,standalone,141,19170500
frame,standalone,142,17889700
frame,standalone,143,24045300
frame,standalone,144,25040000
frame,standalone,145,24060600
frame,standalone,146,19926400
frame,standalone,147,20002100
frame,standalone,148,19032400
frame,standalone,149,17512200
frame,standalone,150,19944500
frame,standalone,151,18264300
frame,standalone,152,19249400
frame,standalone,153,18062400
frame,standalone,154,17762600
frame,standalone,155,20552500
frame,standalone,156,18043100
frame,standalone,157,21782500
frame,standalone,158,17893000
frame,standalone,159,17960900
frame,standalone,160,21056300
frame,standalone,161,19593500
frame,standalone,162,20164800
frame,standalone,163,19096100
frame,standalone,164,21168700
frame,standalone,165,24294800
frame,standalone,166,18050100
frame,standalone,167,20391000
frame,standalone,168,19587300
frame,standalone,169,19403200
frame,standalone,170,17766200
frame,standalone,171,20418700
frame,standalone,172,21054700
frame,standalone,173,19581600
frame,standalone,174,17851800
frame,standalone,175,18916500
frame,standalone,176,18071700
frame,standalone,177,19096700
frame,standalone,178,18166200
frame,standalone,179,23171500
frame,standalone,180,18152600
frame,standalone,181,20762500
frame,standalone,182,21738100
frame,standalone,183,19255000
frame,standalone,184,19453100
frame,standalone,185,18390900
frame,standalone,186,21703500
frame,standalone,187,18942000
frame,standalone,188,17854500
frame,standalone,189,17591400
frame,standalone,190,19025100
frame,standalone,191,18657600
frame,standalone,192,18824700
frame,standalone,193,18957400
frame,standalone,194,21504800
frame,standalone,195,17998500
frame,standalone,196,17885100
frame,standalone,197,17288100
frame,standalone,198,19530400
frame,standalone,199,18761600
frame,standalone,200,18326700
frame,standalone,201,17033600
frame,standalone,202,17591300
frame,standalone,203,17798400
frame,standalone,204,17092400
frame,standalone,205,17027800
frame,standalone,206,17189800
frame,standalone,207,20019900
frame,standalone,208,17700000
frame,standalone,209,16934300
frame,standalone,210,17017100
frame,standalone,211,18229000
frame,standalone,212,23364800
frame,standalone,213,18280300
frame,standalone,214,17835400
frame,standalone,215,17597100
frame,standalone,216,19760800
frame,standalone,217,17694900
frame,standalone,218,18624600
frame,standalone,219,17641100
frame,standalone,220,19066000
frame,standalone,221,19297900
frame,standalone,222,17065100
frame,standalone,223,17005600
frame,standalone,224,17496900
frame,standalone,225,17961900
frame,standalone,226,20188100
frame,standalone,227,19609500
frame,standalone,228,18148100
frame,standalone,229,21426900
frame,standalone,230,19279700
frame,standalone,231,20105100
frame,standalone,232,21528200
frame,standalone,233,20115700
frame,standalone,234,22346200
frame,standalone,235,20302900
frame,standalone,236,19752600
frame,standalone,237,17183200
frame,standalone,238,20452200
frame,standalone,239,18074900
frame,standalone,240,19985400
frame,standalone,241,17999500
frame,standalone,242,18833800
frame,standalone,243,23071900
frame,standalone,244,19353500
frame,standalone,245,18251800
frame,standalone,246,20942500
frame,standalone,247,21187500
frame,standalone,248,19183200
frame,standalone,249,18290700
frame,standalone,250,17451100
frame,standalone,251,23070700
frame,standalone,252,21418100
frame,standalone,253,19334900
frame,standalone,254,21015300
frame,standalone,255,17818800
frame,standalone,256,21515000
frame,standalone,257,20574800
frame,standalone,258,19591600
frame,standalone,259,19230700
frame,standalone,260,19940800
frame,standalone,261,18524900
frame,standalone,262,17349800
frame,standalone,263,17647800
frame,standalone,264,19638100
frame,standalone,265,19787600
frame,standalone,266,19865500
frame,standalone,267,18232300
frame,standalone,268,19617000
frame,standalone,269,19888200
frame,standalone,270,21157900
frame,standalone,271,17410400
frame,standalone,272,17377600
frame,standalone,273,18471600
frame,standalone,274,22283100
frame,standalone,275,19789800
frame,standalone,276,17907700
frame,standalone,277,17591400
frame,standalone,278,18215900
frame,standalone,279,19660500
frame,standalone,280,19368100
frame,standalone,281,17925800
frame,standalone,282,18066700
frame,standalone,283,18091900
frame,standalone,284,19868800
frame,standalone,285,17516300
frame,standalone,286,20928900
frame,standalone,287,19549200
frame,standalone,288,18481600
frame,standalone,289,18414100
frame,standalone,290,17588000
frame,standalone,291,17469600
frame,standalone,292,17881800
frame,standalone,293,20792100
frame,standalone,294,17557800
frame,standalone,295,17816900
frame,standalone,296,17727400
frame,standalone,297,18985900
frame,standalone,298,19021600
frame,standalone,299,20496800
frame,standalone,300,19535000
frame,standalone,301,19032500
frame,standalone,302,18911700
frame,standalone,303,17286000
frame,standalone,304,17801400
frame,standalone,305,17462900
frame,standalone,306,18359200
frame,standalone,307,26705200
frame,standalone,308,18307200
frame,standalone,309,19298600
frame,standalone,310,24322100
frame,standalone,311,20457800
frame,standalone,312,18177700
frame,standalone,313,21007000
frame,standalone,314,19301700
frame,standalone,315,21908100
frame,standalone,316,25406600
frame,standalone,317,21092700
frame,standalone,318,20933200
frame,standalone,319,28185500
frame,standalone,320,20975500
frame,standalone,321,21440600
frame,standalone,322,21752200
frame,standalone,323,17857600
frame,standalone,324,19292400
frame,standalone,325,18764800
frame,standalone,326,25944200
frame,standalone,327,19291100
frame,standalone,328,19676900
frame,standalone,329,20986900
frame,standalone,330,18181000
frame,standalone,331,20074900
frame,standalone,332,21741800
frame,standalone,333,19214100
frame,standalone,334,20087100
frame,standalone,335,22328500
frame,standalone,336,19080400
frame,standalone,337,21202400
frame,standalone,338,17718100
frame,standalone,339,20832200
frame,standalone,340,22484300
frame,standalone,341,20372300
frame,standalone,342,18818500
frame,standalone,343,18578300
frame,standalone,344,20349800
frame,standalone,345,17446000
frame,standalone,346,17700500
frame,standalone,347,21488000
frame,standalone,348,21067600
frame,standalone,349,22909400
frame,standalone,350,21290800
frame,standalone,351,17340100
frame,standalone,352,20297100
frame,standalone,353,18749900
frame,standalone,354,19548100
frame,standalone,355,19005100
frame,standalone,356,21979800
frame,standalone,357,22151900
frame,standalone,358,20182600
frame,standalone,359,21458800
frame,standalone,360,26565100
frame,standalone,361,24100000
frame,standalone,362,23756500
frame,standalone,363,22210200
frame,standalone,364,20642300
frame,standalone,365,18233600
frame,standalone,366,18263600
frame,standalone,367,19076600
frame,standalone,368,19344800
frame,standalone,369,21615300
frame,standalone,370,19176700
frame,standalone,371,19950600
frame,standalone,372,22602200
frame,standalone,373,19434200
frame,standalone,374,17851900
frame,standalone,375,20460900
frame,standalone,376,18594800
frame,standalone,377,20856600
frame,standalone,378,17706200
frame,standalone,379,20406400
frame,standalone,380,27116600
frame,standalone,381,19315600
frame,standalone,382,23751300
frame,standalone,383,20481700
frame,standalone,384,21398700
frame,standalone,385,19559700
frame,standalone,386,18787600
frame,standalone,387,19872600
frame,standalone,388,22052700
frame,standalone,389,18993400
frame,standalone,390,21461000
frame,standalone,391,19293000
frame,standalone,392,18738100
frame,standalone,393,23413200
frame,standalone,394,19400100
frame,standalone,395,20275700
frame,standalone,396,22312700
frame,standalone,397,22646200
frame,standalone,398,18518600
frame,standalone,399,21020400
frame,standalone,400,20126700
frame,standalone,401,20028700
frame,standalone,402,18123200
frame,standalone,403,18748800
frame,standalone,404,20877600
frame,standalone,405,21752100
frame,standalone,406,21798000
frame,standalone,407,17833500
frame,standalone,408,18162200
frame,standalone,409,21083000
frame,standalone,410,22386300
frame,standalone,411,22409400
frame,standalone,412,19439500
frame,standalone,413,20398600
frame,standalone,414,25167900
frame,standalone,415,17911300
frame,standalone,416,18066500
frame,standalone,417,18194100
frame,standalone,418,21610100
frame,standalone,419,20295400
frame,standalone,420,17823700
frame,standalone,421,21626000
frame,standalone,422,21640500
frame,standalone,423,17221900
frame,standalone,424,19408800
frame,standalone,425,22969400
frame,standalone,426,18336700
frame,standalone,427,21342200
frame,standalone,428,20216000
frame,standalone,429,22825700
frame,standalone,430,17998600
frame,standalone,431,18516500
frame,standalone,432,18097800
frame,standalone,433,18530200
frame,standalone,434,19646900
frame,standalone,435,21299700
frame,standalone,436,20044800
frame,standalone,437,17178000
frame,standalone,438,18077600
frame,standalone,439,19168400
frame,standalone,440,18324800
frame,standalone,441,17602500
frame,standalone,442,23990700
frame,standalone,443,21577900
frame,standalone,444,21592600
frame,standalone,445,23154700
frame,standalone,446,19139000
frame,standalone,447,21110800
frame,standalone,448,19704000
frame,standalone,449,20629800
frame,standalone,450,19289700
frame,standalone,451,19392700
frame,standalone,452,21689400
frame,standalone,453,18768500
frame,standalone,454,18166100
frame,standalone,455,18231900
frame,standalone,456,20559100
frame,standalone,457,19472800
frame,standalone,458,18032700
frame,standalone,459,21251800
frame,standalone,460,20637800
frame,standalone,461,19221500
frame,standalone,462,17813800
frame,standalone,463,18392600
frame,standalone,464,23761000
frame,standalone,465,19574000
frame,standalone,466,21094700
frame,standalone,467,18642900
frame,standalone,468,19510500
frame,standalone,469,17156400
frame,standalone,470,17526700
frame,standalone,471,20247000
frame,standalone,472,21895100
frame,standalone,473,19741400
frame,standalone,474,17870200
frame,standalone,475,19376400
frame,standalone,476,17451600
frame,standalone,477,21513500
frame,standalone,478,18883200
frame,standalone,479,19728800
frame,standalone,480,17621100
frame,standalone,481,20291200
frame,standalone,482,19660900
frame,standalone,483,19242700
frame,standalone,484,17684200
frame,standalone,485,19624200
frame,standalone,486,20624800
frame,standalone,487,18053100
frame,standalone,488,17423000
frame,standalone,489,17486300
frame,standalone,490,20730000
frame,standalone,491,19470500
frame,standalone,492,18029600
frame,standalone,493,20428700
frame,standalone,494,22365000
frame,standalone,495,18709600
frame,standalone,496,18468900
frame,standalone,497,18999000
frame,standalone,498,19612100
frame,standalone,499,20649600
frame,standalone,500,17206300
frame,standalone,501,18908800
frame,standalone,502,17768300
frame,standalone,503,20362700
frame,standalone,504,19947900
frame,standalone,505,18043700
frame,standalone,506,17604900
frame,standalone,507,28215100
frame,standalone,508,37467400
frame,standalone,509,32167000
frame,standalone,510,24203500
frame,standalone,511,19431900
frame,standalone,512,21854500
frame,standalone,513,24617300
frame,standalone,514,22775800
frame,standalone,515,24493600
frame,standalone,516,18691800
frame,standalone,517,20300600
frame,standalone,518,23864900
frame,standalone,519,22614100
frame,standalone,520,20532500
frame,standalone,521,22042100
frame,standalone,522,21931500
frame,standalone,523,23592600
frame,standalone,524,21790000
frame,standalone,525,21106900
frame,standalone,526,22787600
frame,standalone,527,22573400
frame,standalone,528,21231700
frame,standalone,529,20716900
frame,standalone,530,18447600
frame,standalone,531,18637300
frame,standalone,532,21373400
frame,standalone,533,21011500
frame,standalone,534,23633600
frame,standalone,535,26004300
frame,standalone,536,20533200
frame,standalone,537,19201800
frame,standalone,538,22926200
frame,standalone,539,21366900
frame,standalone,540,21745500
frame,standalone,541,20850100
frame,standalone,542,26024500
frame,standalone,543,26170600
frame,standalone,544,22529900
frame,standalone,545,19888000
frame,standalone,546,24958700
frame,standalone,547,21886100
frame,standalone,548,18732700
frame,standalone,549,26125900
frame,standalone,550,21189000
frame,standalone,551,19267900
frame,standalone,552,18993800
frame,standalone,553,24074200
frame,standalone,554,21673900
frame,standalone,555,19139800
frame,standalone,556,18991100
frame,standalone,557,23494900
frame,standalone,558,20765400
frame,standalone,559,22309900
frame,standalone,560,20933800
frame,standalone,561,26987900
frame,standalone,562,20467800
frame,standalone,563,19525300
frame,standalone,564,26830900
frame,standalone,565,23508800
frame,standalone,566,21577300
frame,standalone,567,20663900
frame,standalone,568,18049400
frame,standalone,569,23054800
frame,standalone,570,21160500
frame,standalone,571,20649400
frame,standalone,572,19145600
frame,standalone,573,21570500
frame,standalone,574,20257500
frame,standalone,575,18657200
frame,standalone,576,20108600
frame,standalone,577,18277600
frame,standalone,578,22926300
frame,standalone,579,18544000
frame,standalone,580,20077200
frame,standalone,581,21381000
frame,standalone,582,18502600
frame,standalone,583,25683700
frame,standalone,584,21571500
frame,standalone,585,21186400
frame,standalone,586,20745300
frame,standalone,587,20519900
frame,standalone,588,22242700
frame,standalone,589,21628900
frame,standalone,590,22832500
frame,standalone,591,19226100
frame,standalone,592,21253800
frame,standalone,593,19835700
frame,standalone,594,20412300
frame,standalone,595,18498000
frame,standalone,596,23921700
frame,standalone,597,21236100
frame,standalone,598,27181500
frame,standalone,599,22651900
frame,standalone,600,23970200
frame,standalone,601,27765200
frame,standalone,602,23699100
frame,standalone,603,22299200
frame,standalone,604,26380500
frame,standalone,605,20664100
frame,standalone,606,23536800
frame,standalone,607,24833500
frame,standalone,608,22908600
frame,standalone,609,20263200
frame,standalone,610,25281600
frame,standalone,611,20891200
frame,standalone,612,21830100
frame,standalone,613,22590200
frame,standalone,614,22482400
frame,standalone,615,24232300
frame,standalone,616,19792800
frame,standalone,617,20396200
frame,standalone,618,21574000
frame,standalone,619,20336200
frame,standalone,620,19381200
frame,standalone,621,19873700
frame,standalone,622,24055900
frame,standalone,623,23369500
frame,standalone,624,18368900
frame,standalone,625,21262100
frame,standalone,626,22245400
frame,standalone,627,21981700
frame,standalone,628,20614100
frame,standalone,629,21600200
frame,standalone,630,23617900
frame,standalone,631,20685500
frame,standalone,632,22510800
frame,standalone,633,20811600
frame,standalone,634,20756000
frame,standalone,635,22133400
frame,standalone,636,21225800
frame,standalone,637,22975000
frame,standalone,638,24291100
frame,standalone,639,22693800
frame,standalone,640,19591100
frame,standalone,641,24369700
frame,standalone,642,20411100
frame,standalone,643,18686200
frame,standalone,644,21272900
frame,standalone,645,22305300
frame,standalone,646,21917300
frame,standalone,647,21295800
frame,standalone,648,21348200
frame,standalone,649,21476100
frame,standalone,650,21083200
frame,standalone,651,22135900
frame,standalone,652,22201700
frame,standalone,653,26542700
frame,standalone,654,26509400
frame,standalone,655,21921700
frame,standalone,656,24415300
frame,standalone,657,24554500
frame,standalone,658,20147600
frame,standalone,659,21518700
frame,standalone,660,25666400
frame,standalone,661,23780700
frame,standalone,662,23234000
frame,standalone,663,21836600
frame,standalone,664,20954700
frame,standalone,665,24063400
frame,standalone,666,21883800
frame,standalone,667,34631200
frame,standalone,668,26188100
frame,standalone,669,25744800
frame,standalone,670,31792100
frame,standalone,671,24154700
frame,standalone,672,21961600
frame,standalone,673,27795900
frame,standalone,674,21692400
frame,standalone,675,23866900
frame,standalone,676,28743000
frame,standalone,677,22787000
frame,standalone,678,23811600
frame,standalone,679,20702700
frame,standalone,680,21114100
frame,standalone,681,24516600
frame,standalone,682,21647300
frame,standalone,683,26777800
frame,standalone,684,28416300
frame,standalone,685,21361800
frame,standalone,686,20974300
frame,standalone,687,28749100
frame,standalone,688,27982500
frame,standalone,689,22086700
frame,standalone,690,24784800
frame,standalone,691,24224600
frame,standalone,692,22342100
frame,standalone,693,27238600
frame,standalone,694,30646700
frame,standalone,695,23680500
frame,standalone,696,24926500
frame,standalone,697,26439500
frame,standalone,698,22955500
frame,standalone,699,24290000
frame,standalone,700,24747800
frame,standalone,701,27895000
frame,standalone,702,27472400
frame,standalone,703,26306700
frame,standalone,704,28781700
frame,standalone,705,24173800
frame,standalone,706,24109100
frame,standalone,707,27886000
frame,standalone,708,25603500
frame,standalone,709,28837900
frame,standalone,710,28968700
frame,standalone,711,25953400
frame,standalone,712,29679400
frame,standalone,713,29846800
frame,standalone,714,25925800
frame,standalone,715,27759600
frame,standalone,716,28676800
frame,standalone,717,25393100
frame,standalone,718,26470800
frame,standalone,719,28957200
frame,standalone,720,24724500
frame,standalone,721,26676000
frame,standalone,722,24711100
frame,standalone,723,26693800
frame,standalone,724,24819300
frame,standalone,725,25357700
frame,standalone,726,24706700
frame,standalone,727,24941300
frame,standalone,728,28398900
frame,standalone,729,27217800
frame,standalone,730,24649100
frame,standalone,731,28033300
frame,standalone,732,28612800
frame,standalone,733,22336100
frame,standalone,734,26321400
frame,standalone,735,23510900
frame,standalone,736,23349500
frame,standalone,737,24114200
frame,standalone,738,23684000
frame,standalone,739,22355700
frame,standalone,740,25243700
frame,standalone,741,29225700
frame,standalone,742,24993200
frame,standalone,743,23126300
frame,standalone,744,24331100
frame,standalone,745,25350900
frame,standalone,746,24019900
frame,standalone,747,25096800
frame,standalone,748,28479700
frame,standalone,749,24554100
frame,standalone,750,29150400
frame,standalone,751,25019000
frame,standalone,752,26062200
frame,standalone,753,24000100
frame,standalone,754,26254100
frame,standalone,755,26236200
frame,standalone,756,22910300
frame,standalone,757,29517200
frame,standalone,758,36614300
frame,standalone,759,30141400
frame,standalone,760,35061000
frame,standalone,761,26648600
frame,standalone,762,27974200
frame,standalone,763,30203500
frame,standalone,764,30505400
frame,standalone,765,26731400
frame,standalone,766,32029400
frame,standalone,767,29668700
frame,standalone,768,30407700
frame,standalone,769,28751300
frame,standalone,770,26663000
frame,standalone,771,26291300
frame,standalone,772,27851000
frame,standalone,773,26954000
frame,standalone,774,23264800
frame,standalone,775,27663300
frame,standalone,776,29057800
frame,standalone,777,26258900
frame,standalone,778,28125500
frame,standalone,779,21792300
frame,standalone,780,26812500
frame,standalone,781,27851300
frame,standalone,782,24609100
frame,standalone,783,22281700
frame,standalone,784,32903900
frame,standalone,785,26854800
frame,standalone,786,22033400
frame,standalone,787,26681200
frame,standalone,788,20345700
frame,standalone,789,23009900
frame,standalone,790,25199300
frame,standalone,791,20602200
frame,standalone,792,19780600
frame,standalone,793,23424900
frame,standalone,794,21699300
frame,standalone,795,23925700
frame,standalone,796,21713200
frame,standalone,797,19654600
frame,standalone,798,22107600
frame,standalone,799,19328800
frame,standalone,800,22100900
frame,standalone,801,18327200
frame,standalone,802,17933200
frame,standalone,803,20725400
frame,standalone,804,18718000
frame,standalone,805,21018600
frame,standalone,806,20351900
frame,standalone,807,19280100
frame,standalone,808,19806500
frame,standalone,809,20701000
frame,standalone,810,21011600
frame,standalone,811,22230600
frame,standalone,812,18675400
frame,standalone,813,20056000
frame,standalone,814,22304100
frame,standalone,815,22920300
frame,standalone,816,19434200
frame,standalone,817,19921900
frame,standalone,818,20732500
frame,standalone,819,20207200
frame,standalone,820,19702300
frame,standalone,821,18360400
frame,standalone,822,19107200
frame,standalone,823,22423100
frame,standalone,824,23279000
frame,standalone,825,19151900
frame,standalone,826,19479100
frame,standalone,827,24876200
frame,standalone,828,18775900
frame,standalone,829,18214800
frame,standalone,830,18060200
frame,standalone,831,19481100
frame,standalone,832,19333900
frame,standalone,833,21948700
frame,standalone,834,20426900
frame,standalone,835,17718500
frame,standalone,836,20934200
frame,standalone,837,21830200
frame,standalone,838,19192500
frame,standalone,839,20584300
frame,standalone,840,18761800
frame,standalone,841,20340600
frame,standalone,842,19114600
frame,standalone,843,20628700
frame,standalone,844,20522200
frame,standalone,845,22670900
frame,standalone,846,22143900
frame,standalone,847,19292100
frame,standalone,848,21562000
frame,standalone,849,18808300
frame,standalone,850,18376700
frame,standalone,851,19301800
frame,standalone,852,22744800
frame,standalone,853,17708400
frame,standalone,854,19010400
frame,standalone,855,18305800
frame,standalone,856,25887600
frame,standalone,857,20479000
frame,standalone,858,20787100
frame,standalone,859,21800900
frame,standalone,860,21241400
frame,standalone,861,21101500
frame,standalone,862,19429800
frame,standalone,863,20549600
frame,standalone,864,20511100
frame,standalone,865,19260800
frame,standalone,866,22042400
frame,standalone,867,19903300
frame,standalone,868,21309900
frame,standalone,869,22617700
frame,standalone,870,17255500
frame,standalone,871,18836300
frame,standalone,872,18975100
frame,standalone,873,21209000
frame,standalone,874,19717500
frame,standalone,875,17330800
frame,standalone,876,18768400
frame,standalone,877,21409700
frame,standalone,878,20739700
frame,standalone,879,17585100
frame,standalone,880,19453700
frame,standalone,881,18226200
frame,standalone,882,18146100
frame,standalone,883,17595600
frame,standalone,884,18771600
frame,standalone,885,22974700
frame,standalone,886,22959000
frame,standalone,887,19679300
frame,standalone,888,17401900
frame,standalone,889,23578400
frame,standalone,890,24883900
frame,standalone,891,22313100
frame,standalone,892,22100900
frame,standalone,893,25539900
frame,standalone,894,22369500
frame,standalone,895,23042700
frame,standalone,896,20251500
frame,standalone,897,18544200
frame,standalone,898,17998400
frame,standalone,899,18637200
frame,standalone,900,22967400
frame,standalone,901,20725400
frame,standalone,902,20921000
frame,standalone,903,20395000
frame,standalone,904,17875200
frame,standalone,905,20609200
frame,standalone,906,18160600
frame,standalone,907,19453900
frame,standalone,908,21474400
frame,standalone,909,21110100
frame,standalone,910,18558700
frame,standalone,911,20345600
frame,standalone,912,21486500
frame,standalone,913,20055600
frame,standalone,914,21311800
frame,standalone,915,19644500
frame,standalone,916,18821900
frame,standalone,917,25114200
frame,standalone,918,18178800
frame,standalone,919,18782000
frame,standalone,920,18357800
frame,standalone,921,22645600
frame,standalone,922,21659500
frame,standalone,923,20449200
frame,standalone,924,18067600
frame,standalone,925,17373900
frame,standalone,926,18989000
frame,standalone,927,19461900
frame,standalone,928,18045700
frame,standalone,929,18375700
frame,standalone,930,19348400
frame,standalone,931,21700500
frame,standalone,932,18511600
frame,standalone,933,17330000
frame,standalone,934,18715000
frame,standalone,935,23374800
frame,standalone,936,20305800
frame,standalone,937,19390000
frame,standalone,938,18973300
frame,standalone,939,18503600
frame,standalone,940,23232300
frame,standalone,941,17946100
frame,standalone,942,17317700
frame,standalone,943,19362300
frame,standalone,944,21225800
frame,standalone,945,18938100
frame,standalone,946,20089500
frame,standalone,947,24868700
frame,standalone,948,18217900
frame,standalone,949,21513800
frame,standalone,950,20892800
frame,standalone,951,21649700
frame,standalone,952,18591000
frame,standalone,953,17081000
frame,standalone,954,20230200
frame,standalone,955,19917500
frame,standalone,956,20094000
frame,standalone,957,20505000
frame,standalone,958,18117200
frame,standalone,959,17957500
frame,standalone,960,18846700
frame,standalone,961,20738100
frame,standalone,962,22773400
frame,standalone,963,19031900
frame,standalone,964,24268000
frame,standalone,965,21660700
frame,standalone,966,18252900
frame,standalone,967,21682500
frame,standalone,968,22657600
frame,standalone,969,22547500
frame,standalone,970,19903400
frame,standalone,971,19487200
frame,standalone,972,18396400
frame,standalone,973,25103900
frame,standalone,974,19762300
frame,standalone,975,18483900
frame,standalone,976,19930900
frame,standalone,977,20313500
frame,standalone,978,19993400
frame,standalone,979,18505300
frame,standalone,980,23013500
frame,standalone,981,21340300
frame,standalone,982,20947900
frame,standalone,983,19944300
frame,standalone,984,22646500
frame,standalone,985,19768700
frame,standalone,986,18494000
frame,standalone,987,20747400
frame,standalone,988,21278600
frame,standalone,989,20601000
frame,standalone,990,20187700
frame,standalone,991,19048900
frame,standalone,992,19387500
frame,standalone,993,18404100
frame,standalone,994,21044200
frame,standalone,995,21822100
frame,standalone,996,21481900
frame,standalone,997,19641800
frame,standalone,998,17610500
frame,standalone,999,17453400
frame,standalone,1000,18103400
frame,standalone,1001,21938300
frame,standalone,1002,21291600
frame,standalone,1003,18547600
frame,standalone,1004,20462200
frame,standalone,1005,20201700
frame,standalone,1006,20503200
frame,standalone,1007,21416700
frame,standalone,1008,23428300
frame,standalone,1009,20874900
frame,standalone,1010,18331000
frame,standalone,1011,19954600
frame,standalone,1012,21395300
frame,standalone,1013,22366800
frame,standalone,1014,19846600
frame,standalone,1015,19684100
frame,standalone,1016,19230800
frame,standalone,1017,25088200
frame,standalone,1018,18666300
frame,standalone,1019,18750200
frame,standalone,1020,19268300
frame,standalone,1021,19549600
frame,standalone,1022,21526400
frame,standalone,1023,23165600
frame,standalone,1024,18307400
frame,standalone,1025,20561300
frame,standalone,1026,17800700
frame,standalone,1027,20728100
frame,standalone,1028,21151000
frame,standalone,1029,21266600
frame,standalone,1030,19135200
frame,standalone,1031,19351500
frame,standalone,1032,20558600
frame,standalone,1033,24076800
frame,standalone,1034,20701600
frame,standalone,1035,21257500
frame,standalone,1036,22536100
frame,standalone,1037,21035500
frame,standalone,1038,23298600
frame,standalone,1039,19985800
frame,standalone,1040,20589200
frame,standalone,1041,19955900
frame,standalone,1042,18952100
frame,standalone,1043,19737900
frame,standalone,1044,21949600
frame,standalone,1045,22987500
frame,standalone,1046,18408700
frame,standalone,1047,17540600
frame,standalone,1048,18418700
frame,standalone,1049,19618400
frame,standalone,1050,18592700
frame,standalone,1051,18918100
frame,standalone,1052,18523000
frame,standalone,1053,21671800
frame,standalone,1054,23028800
frame,standalone,1055,18748000
frame,standalone,1056,21165900
frame,standalone,1057,21136100
frame,standalone,1058,21859500
frame,standalone,1059,20567700
frame,standalone,1060,19027300
frame,standalone,1061,20725500
frame,standalone,1062,28810700
frame,standalone,1063,20047800
frame,standalone,1064,22059700
frame,standalone,1065,24307000
frame,standalone,1066,22869000
frame,standalone,1067,24043100
frame,standalone,1068,24771300
frame,standalone,1069,19881900
frame,standalone,1070,20292100
frame,standalone,1071,19532200
frame,standalone,1072,20072600
frame,standalone,1073,25008500
frame,standalone,1074,20407900
frame,standalone,1075,20163900
frame,standalone,1076,24306500
frame,standalone,1077,29690500
frame,standalone,1078,20975000
frame,standalone,1079,21353900
frame,standalone,1080,23411000
frame,standalone,1081,22698200
frame,standalone,1082,25929300
frame,standalone,1083,22694800
frame,standalone,1084,23945700
frame,standalone,1085,21949300
frame,standalone,1086,22274000
frame,standalone,1087,25076900
frame,standalone,1088,23205800
frame,standalone,1089,23024300
frame,standalone,1090,24184300
frame,standalone,1091,27867600
frame,standalone,1092,24622900
frame,standalone,1093,27656300
frame,standalone,1094,23925700
frame,standalone,1095,24472000
frame,standalone,1096,23751300
frame,standalone,1097,24938400
frame,standalone,1098,23952900
frame,standalone,1099,27722800
frame,standalone,1100,26273700
frame,standalone,1101,23218000
frame,standalone,1102,25842900
frame,standalone,1103,24837400
frame,standalone,1104,25706800
frame,standalone,1105,26545600
frame,standalone,1106,22948500
frame,standalone,1107,23771000
frame,standalone,1108,24968500
frame,standalone,1109,29629400
frame,standalone,1110,25574000
frame,standalone,1111,23808400
frame,standalone,1112,23255800
frame,standalone,1113,22924700
frame,standalone,1114,22490100
frame,standalone,1115,26810300
frame,standalone,1116,24109100
frame,standalone,1117,22015200
frame,standalone,1118,23967500
frame,standalone,1119,23501100
frame,standalone,1120,24332200
frame,standalone,1121,24694000
frame,standalone,1122,25446600
frame,standalone,1123,23894900
frame,standalone,1124,21221200
frame,standalone,1125,23474500
frame,standalone,1126,20963700
frame,standalone,1127,24766200
frame,standalone,1128,21797400
frame,standalone,1129,19721200
frame,standalone,1130,22561900
frame,standalone,1131,22239900
frame,standalone,1132,23051900
frame,standalone,1133,21054800
frame,standalone,1134,21010400
frame,standalone,1135,20550400
frame,standalone,1136,22449200
frame,standalone,1137,22160700
frame,standalone,1138,21685500
frame,standalone,1139,22082900
frame,standalone,1140,21003500
frame,standalone,1141,20431500
frame,standalone,1142,23361100
frame,standalone,1143,21548200
frame,standalone,1144,20834100
frame,standalone,1145,23588400
frame,standalone,1146,25668700
frame,standalone,1147,21639500
frame,standalone,1148,26968200
frame,standalone,1149,22466600
frame,standalone,1150,23961700
frame,standalone,1151,23321200
frame,standalone,1152,23930100
frame,standalone,1153,35666300
frame,standalone,1154,23369900
frame,standalone,1155,25960300
frame,standalone,1156,23929800
frame,standalone,1157,25347700
frame,standalone,1158,24812700
frame,standalone,1159,22547900
frame,standalone,1160,21999800
frame,standalone,1161,21826100
frame,standalone,1162,22184900
frame,standalone,1163,21034600
frame,standalone,1164,21770300
frame,standalone,1165,21444900
frame,standalone,1166,24901600
frame,standalone,1167,23438100
frame,standalone,1168,20552200
frame,standalone,1169,19899800
frame,standalone,1170,23694000
frame,standalone,1171,20896000
frame,standalone,1172,22708500
frame,standalone,1173,20903000
frame,standalone,1174,22637800
frame,standalone,1175,24386600
frame,standalone,1176,23797400
frame,standalone,1177,25273200
frame,standalone,1178,25658700
frame,standalone,1179,24062500
frame,standalone,1180,24194300
frame,standalone,1181,25337000
frame,standalone,1182,25429600
frame,standalone,1183,25473500
frame,standalone,1184,26575700
frame,standalone,1185,23355000
frame,standalone,1186,23384900
frame,standalone,1187,26209700
frame,standalone,1188,23455400
frame,standalone,1189,24154400
frame,standalone,1190,28195700
frame,standalone,1191,26690300
frame,standalone,1192,24599600
frame,standalone,1193,23989900
frame,standalone,1194,25139900
frame,standalone,1195,26339300
frame,standalone,1196,25599200
frame,standalone,1197,25965100
frame,standalone,1198,24290300
frame,standalone,1199,28777800
frame,standalone,1200,26800300
frame,standalone,1201,27649800
frame,standalone,1202,23984700
frame,standalone,1203,23323400
frame,standalone,1204,25559100
frame,standalone,1205,21813400
frame,standalone,1206,23933800
frame,standalone,1207,27646300
frame,standalone,1208,23781700
frame,standalone,1209,21600300
frame,standalone,1210,23567500
frame,standalone,1211,21987100
frame,standalone,1212,20928900
frame,standalone,1213,24534800
frame,standalone,1214,24738200
frame,standalone,1215,23616400
frame,standalone,1216,22786700
frame,standalone,1217,21605700
frame,standalone,1218,27032200
frame,standalone,1219,21980800
frame,standalone,1220,20551600
frame,standalone,1221,22106900
frame,standalone,1222,21844600
frame,standalone,1223,20680800
frame,standalone,1224,21549900
frame,standalone,1225,23894500
frame,standalone,1226,22537900
frame,standalone,1227,19327600
frame,standalone,1228,23569200
frame,standalone,1229,24057100
frame,standalone,1230,19679600
frame,standalone,1231,19611900
frame,standalone,1232,21923800
frame,standalone,1233,22826400
frame,standalone,1234,19798600
frame,standalone,1235,20709800
frame,standalone,1236,21518800
frame,standalone,1237,20562500
frame,standalone,1238,21033100
frame,standalone,1239,20294100
frame,standalone,1240,20376500
frame,standalone,1241,24171000
frame,standalone,1242,18168900
frame,standalone,1243,19557300
frame,standalone,1244,23509200
frame,standalone,1245,21425900
frame,standalone,1246,19013000
frame,standalone,1247,18735300
frame,standalone,1248,19000200
frame,standalone,1249,26252400
frame,standalone,1250,21715600
frame,standalone,1251,21624400
frame,standalone,1252,19026300
frame,standalone,1253,23532400
frame,standalone,1254,20635500
frame,standalone,1255,21563900
frame,standalone,1256,23980800
frame,standalone,1257,21721000
frame,standalone,1258,19678100
frame,standalone,1259,20193900
frame,standalone,1260,23106400
frame,standalone,1261,17865900
frame,standalone,1262,19673100
frame,standalone,1263,21699600
frame,standalone,1264,19959400
frame,standalone,1265,18777900
frame,standalone,1266,19637400
frame,standalone,1267,18989800
frame,standalone,1268,20131700
frame,standalone,1269,22978000
frame,standalone,1270,20716100
frame,standalone,1271,22087100
frame,standalone,1272,21864500
frame,standalone,1273,19511100
frame,standalone,1274,21142900
frame,standalone,1275,19587600
frame,standalone,1276,21274400
frame,standalone,1277,23347400
frame,standalone,1278,17792000
frame,standalone,1279,20141100
frame,standalone,1280,24526200
frame,standalone,1281,23705200
frame,standalone,1282,18400500
frame,standalone,1283,18248400
frame,standalone,1284,20384600
frame,standalone,1285,20397200
frame,standalone,1286,17677900
frame,standalone,1287,19031900
frame,standalone,1288,17854500
frame,standalone,1289,20651900
frame,standalone,1290,19616600
frame,standalone,1291,20203100
frame,standalone,1292,17408200
frame,standalone,1293,19830400
frame,standalone,1294,18421400
frame,standalone,1295,18987900
frame,standalone,1296,17471800
frame,standalone,1297,17757500
frame,standalone,1298,19255100
frame,standalone,1299,22692200
frame,standalone,1300,17969200
frame,standalone,1301,18503000
frame,standalone,1302,17035400
frame,standalone,1303,21867200
frame,standalone,1304,20187500
frame,standalone,1305,21366000
frame,standalone,1306,20751200
frame,standalone,1307,18738300
frame,standalone,1308,18897900
frame,standalone,1309,21176200
frame,standalone,1310,21807800
frame,standalone,1311,20998200
frame,standalone,1312,19315900
frame,standalone,1313,19259200
frame,standalone,1314,20877400
frame,standalone,1315,19514500
frame,standalone,1316,22138300
frame,standalone,1317,17770000
frame,standalone,1318,21979700
frame,standalone,1319,17932900
frame,standalone,1320,17646700
frame,standalone,1321,18072200
frame,standalone,1322,19390700
frame,standalone,1323,21321100
frame,standalone,1324,17779400
frame,standalone,1325,19163700
frame,standalone,1326,20039400
frame,standalone,1327,20183600
frame,standalone,1328,26476800
frame,standalone,1329,20684100
frame,standalone,1330,24887600
frame,standalone,1331,20885900
frame,standalone,1332,17594600
frame,standalone,1333,18827300
frame,standalone,1334,19303500
frame,standalone,1335,21627200
frame,standalone,1336,19267000
frame,standalone,1337,17843800
frame,standalone,1338,22625900
frame,standalone,1339,23757800
frame,standalone,1340,17472500
frame,standalone,1341,18919700
frame,standalone,1342,17927200
frame,standalone,1343,21745000
frame,standalone,1344,18757600
frame,standalone,1345,19617300
frame,standalone,1346,21859200
frame,standalone,1347,20240300
frame,standalone,1348,19136600
frame,standalone,1349,17235800
frame,standalone,1350,17983400
frame,standalone,1351,19807900
frame,standalone,1352,21524400
frame,standalone,1353,20018800
frame,standalone,1354,17376500
frame,standalone,1355,20122400
frame,standalone,1356,20598800
frame,standalone,1357,18784900
frame,standalone,1358,17572700
frame,standalone,1359,19251400
frame,standalone,1360,22511200
frame,standalone,1361,18294300
frame,standalone,1362,21107900
frame,standalone,1363,18865200
frame,standalone,1364,20809900
frame,standalone,1365,20127900
frame,standalone,1366,17968900
frame,standalone,1367,16944400
frame,standalone,1368,18080000
frame,standalone,1369,22465400
frame,standalone,1370,19484400
frame,standalone,1371,18277100
frame,standalone,1372,18290900
frame,standalone,1373,17260100
frame,standalone,1374,19182100
frame,standalone,1375,21041700
frame,standalone,1376,17796000
frame,standalone,1377,19458500
frame,standalone,1378,17960100
frame,standalone,1379,19983600
frame,standalone,1380,24898000
frame,standalone,1381,20227700
frame,standalone,1382,18778000
frame,standalone,1383,21754100
frame,standalone,1384,18689900
frame,standalone,1385,23316600
frame,standalone,1386,20780700
frame,standalone,1387,21620600
frame,standalone,1388,20917300
frame,standalone,1389,20621000
frame,standalone,1390,21555600
frame,standalone,1391,18807700
frame,standalone,1392,17408600
frame,standalone,1393,18494100
frame,standalone,1394,19105200
frame,standalone,1395,17605400
frame,standalone,1396,20719900
frame,standalone,1397,24710000
frame,standalone,1398,21252500
frame,standalone,1399,17390700
frame,standalone,1400,17065900
frame,standalone,1401,19682900
frame,standalone,1402,29270800
frame,standalone,1403,23494600
frame,standalone,1404,23242100
frame,standalone,1405,20817400
frame,standalone,1406,23544200
frame,standalone,1407,18705000
frame,standalone,1408,17656500
frame,standalone,1409,17586900
frame,standalone,1410,21602700
frame,standalone,1411,20051200
frame,standalone,1412,18592200
frame,standalone,1413,20441300
frame,standalone,1414,17653100
frame,standalone,1415,19998400
frame,standalone,1416,18395600
frame,standalone,1417,17263700
frame,standalone,1418,18568500
frame,standalone,1419,19085400
frame,standalone,1420,19225700
frame,standalone,1421,21721100
frame,standalone,1422,18592900
frame,standalone,1423,20326300
frame,standalone,1424,21505700
frame,standalone,1425,19737000
frame,standalone,1426,20909400
frame,standalone,1427,19315600
frame,standalone,1428,20215600
frame,standalone,1429,19410600
frame,standalone,1430,21308600
frame,standalone,1431,20996900
frame,standalone,1432,19132500
frame,standalone,1433,20688100
frame,standalone,1434,19231000
frame,standalone,1435,22747400
frame,standalone,1436,21222300
frame,standalone,1437,18240200
frame,standalone,1438,20624900
frame,standalone,1439,17972800
frame,standalone,1440,22147900
frame,standalone,1441,22930500
frame,standalone,1442,22914400
frame,standalone,1443,23069900
frame,standalone,1444,25423700
frame,standalone,1445,24276200
frame,standalone,1446,21736700
frame,standalone,1447,21131700
frame,standalone,1448,20773600
frame,standalone,1449,19574800
frame,standalone,1450,17533900
frame,standalone,1451,19777900
frame,standalone,1452,19400700
frame,standalone,1453,18638100
frame,standalone,1454,17219400
frame,standalone,1455,17691500
frame,standalone,1456,23049500
frame,standalone,1457,23074800
frame,standalone,1458,17845000
frame,standalone,1459,21661500
frame,standalone,1460,20476900
frame,standalone,1461,17400200
frame,standalone,1462,18164100
frame,standalone,1463,18478100
frame,standalone,1464,22902900
frame,standalone,1465,21508300
frame,standalone,1466,17991200
frame,standalone,1467,17244500
frame,standalone,1468,25069300
frame,standalone,1469,18184500
frame,standalone,1470,18814700
frame,standalone,1471,20118700
frame,standalone,1472,20581000
frame,standalone,1473,20248800
frame,standalone,1474,21675400
frame,standalone,1475,18518100
frame,standalone,1476,18428100
frame,standalone,1477,21082700
frame,standalone,1478,18326200
frame,standalone,1479,21558900
frame,standalone,1480,22691900
frame,standalone,1481,21839700
frame,standalone,1482,18272600
frame,standalone,1483,20132200
frame,standalone,1484,22065600
frame,standalone,1485,26287100
frame,standalone,1486,19075100
frame,standalone,1487,18094000
frame,standalone,1488,20914800
frame,standalone,1489,19207900
frame,standalone,1490,21096800
frame,standalone,1491,21727800
frame,standalone,1492,20510700
frame,standalone,1493,20689700
frame,standalone,1494,21302200
frame,standalone,1495,21175500
frame,standalone,1496,19786800
frame,standalone,1497,21439400
frame,standalone,1498,19515800
frame,standalone,1499,21088900
frame,standalone,1500,20069100
frame,standalone,1501,21454300
frame,standalone,1502,20071100
frame,standalone,1503,20933200
frame,standalone,1504,22046500
frame,standalone,1505,20980800
frame,standalone,1506,21614100
frame,standalone,1507,22292900
frame,standalone,1508,19507300
frame,standalone,1509,24066200
frame,standalone,1510,20093300
frame,standalone,1511,19380500
frame,standalone,1512,23990500
frame,standalone,1513,23093600
frame,standalone,1514,18107300
frame,standalone,1515,19041500
frame,standalone,1516,18298200
frame,standalone,1517,19448400
frame,standalone,1518,23100800
frame,standalone,1519,20812300
frame,standalone,1520,18362400
frame,standalone,1521,19911700
frame,standalone,1522,25609300
frame,standalone,1523,29528200
frame,standalone,1524,24356300
frame,standalone,1525,21879700
frame,standalone,1526,27011200
frame,standalone,1527,24368600
frame,standalone,1528,23971900
frame,standalone,1529,18910800
frame,standalone,1530,18617200
frame,standalone,1531,20989700
frame,standalone,1532,22814900
frame,standalone,1533,23098900
frame,standalone,1534,21042200
frame,standalone,1535,19159400
frame,standalone,1536,21949100
frame,standalone,1537,21638700
frame,standalone,1538,20253400
frame,standalone,1539,25092500
frame,standalone,1540,22364700
frame,standalone,1541,19187200
frame,standalone,1542,20845600
frame,standalone,1543,22783500
frame,standalone,1544,21222100
frame,standalone,1545,20172900
frame,standalone,1546,22403700
frame,standalone,1547,23244700
frame,standalone,1548,22927700
frame,standalone,1549,20881000
frame,standalone,1550,20547500
frame,standalone,1551,22469700
frame,standalone,1552,21168300
frame,standalone,1553,23312300
frame,standalone,1554,22576700
frame,standalone,1555,22055600
frame,standalone,1556,25696400
frame,standalone,1557,23935500
frame,standalone,1558,24309700
frame,standalone,1559,22553800
frame,standalone,1560,21660800
frame,standalone,1561,25176300
frame,standalone,1562,22644000
frame,standalone,1563,23155700
frame,standalone,1564,25189900
frame,standalone,1565,26162900
frame,standalone,1566,25509800
frame,standalone,1567,26889000
frame,standalone,1568,28221300
frame,standalone,1569,25168400
frame,standalone,1570,27818500
frame,standalone,1571,26195700
frame,standalone,1572,25067600
frame,standalone,1573,25354400
frame,standalone,1574,24738200
frame,standalone,1575,25300300
frame,standalone,1576,26745200
frame,standalone,1577,23451100
frame,standalone,1578,24040200
frame,standalone,1579,24977700
frame,standalone,1580,27688000
frame,standalone,1581,27038500
frame,standalone,1582,24745800
frame,standalone,1583,26919300
frame,standalone,1584,27354800
frame,standalone,1585,27945100
frame,standalone,1586,27717100
frame,standalone,1587,22882700
frame,standalone,1588,26675800
frame,standalone,1589,25550200
frame,standalone,1590,22305300
frame,standalone,1591,22829900
frame,standalone,1592,23883700
frame,standalone,1593,21595300
frame,standalone,1594,22456300
frame,standalone,1595,27162000
frame,standalone,1596,22943000
frame,standalone,1597,21592000
frame,standalone,1598,24355100
frame,standalone,1599,25513100
frame,standalone,1600,22777500
frame,standalone,1601,24232600
frame,standalone,1602,27753000
frame,standalone,1603,24404600
frame,standalone,1604,29880500
frame,standalone,1605,27475700
frame,standalone,1606,26069100
frame,standalone,1607,22851900
frame,standalone,1608,27134900
frame,standalone,1609,26441200
frame,standalone,1610,24422800
frame,standalone,1611,23968700
frame,standalone,1612,22086500
frame,standalone,1613,23519500
frame,standalone,1614,24274000
frame,standalone,1615,23285500
frame,standalone,1616,20247700
frame,standalone,1617,21417400
frame,standalone,1618,22404800
frame,standalone,1619,23032100
frame,standalone,1620,20487700
frame,standalone,1621,20183400
frame,standalone,1622,22842900
frame,standalone,1623,21587300
frame,standalone,1624,20871000
frame,standalone,1625,20243300
frame,standalone,1626,25498800
frame,standalone,1627,21555000
frame,standalone,1628,21732000
frame,standalone,1629,21763400
frame,standalone,1630,23346300
frame,standalone,1631,22785300
frame,standalone,1632,20836800
frame,standalone,1633,24811200
frame,standalone,1634,22493200
frame,standalone,1635,20687700
frame,standalone,1636,19919800
frame,standalone,1637,20054300
frame,standalone,1638,27289300
frame,standalone,1639,21377200
frame,standalone,1640,21147100
frame,standalone,1641,23186100
frame,standalone,1642,21174500
frame,standalone,1643,31687800
frame,standalone,1644,28907700
frame,standalone,1645,29707800
frame,standalone,1646,22946700
frame,standalone,1647,22224300
frame,standalone,1648,24013000
frame,standalone,1649,27032700
frame,standalone,1650,26217300
frame,standalone,1651,31002900
frame,standalone,1652,25762900
frame,standalone,1653,24315500
frame,standalone,1654,27018500
frame,standalone,1655,25320800
frame,standalone,1656,25886600
frame,standalone,1657,27747200
frame,standalone,1658,26655600
frame,standalone,1659,22789700
frame,standalone,1660,29012800
frame,standalone,1661,28191500
frame,standalone,1662,22559300
frame,standalone,1663,26690700
frame,standalone,1664,25619200
frame,standalone,1665,23957200
frame,standalone,1666,24565500
frame,standalone,1667,26400000
frame,standalone,1668,24962200
frame,standalone,1669,25953100
frame,standalone,1670,24575900
frame,standalone,1671,27226700
frame,standalone,1672,22914600
frame,standalone,1673,25970000
frame,standalone,1674,24143300
frame,standalone,1675,22417600
frame,standalone,1676,22769200
frame,standalone,1677,25135500
frame,standalone,1678,24902600
frame,standalone,1679,23111800
frame,standalone,1680,22026400
frame,standalone,1681,24674400
frame,standalone,1682,20529000
frame,standalone,1683,21124700
frame,standalone,1684,25315000
frame,standalone,1685,23560700
frame,standalone,1686,21537800
frame,standalone,1687,21008000
frame,standalone,1688,21659400
frame,standalone,1689,24439100
frame,standalone,1690,21986900
frame,standalone,1691,23253700
frame,standalone,1692,24394500
frame,standalone,1693,22658600
frame,standalone,1694,21724300
frame,standalone,1695,24114200
frame,standalone,1696,20736500
frame,standalone,1697,19426500
frame,standalone,1698,23189400
frame,standalone,1699,24207300
frame,standalone,1700,19737100
frame,standalone,1701,18594700
frame,standalone,1702,21330100
frame,standalone,1703,22700000
frame,standalone,1704,19635200
frame,standalone,1705,19874500
frame,standalone,1706,24868800
frame,standalone,1707,20454000
frame,standalone,1708,22357100
frame,standalone,1709,20207300
frame,standalone,1710,18094900
frame,standalone,1711,19855600
frame,standalone,1712,19487500
frame,standalone,1713,18851900
frame,standalone,1714,18735800
frame,standalone,1715,22214100
frame,standalone,1716,20562400
frame,standalone,1717,18273000
frame,standalone,1718,20035200
frame,standalone,1719,20466600
frame,standalone,1720,19072000
frame,standalone,1721,18447200
frame,standalone,1722,17599200
frame,standalone,1723,18810800
frame,standalone,1724,19776400
frame,standalone,1725,19231700
frame,standalone,1726,19476700
frame,standalone,1727,18943400
frame,standalone,1728,18947400
frame,standalone,1729,21529000
frame,standalone,1730,23580400
frame,standalone,1731,30494800
frame,standalone,1732,27242200
frame,standalone,1733,22403200
frame,standalone,1734,20858000
frame,standalone,1735,21470100
frame,standalone,1736,26811500
frame,standalone,1737,22948600
frame,standalone,1738,21261900
frame,standalone,1739,22229000
frame,standalone,1740,18033800
frame,standalone,1741,21060000
frame,standalone,1742,22594800
frame,standalone,1743,19761800
frame,standalone,1744,20272500
frame,standalone,1745,18493600
frame,standalone,1746,17982100
frame,standalone,1747,18909700
frame,standalone,1748,20467400
frame,standalone,1749,18602300
frame,standalone,1750,18209400
frame,standalone,1751,22801700
frame,standalone,1752,21378100
frame,standalone,1753,18218900
frame,standalone,1754,19658000
frame,standalone,1755,19225600
frame,standalone,1756,18061500
frame,standalone,1757,20746600
frame,standalone,1758,22234000
frame,standalone,1759,18682600
frame,standalone,1760,20777900
frame,standalone,1761,20500300
frame,standalone,1762,20131900
frame,standalone,1763,22155200
frame,standalone,1764,18714600
frame,standalone,1765,19482500
frame,standalone,1766,18509600
frame,standalone,1767,18359300
frame,standalone,1768,22409700
frame,standalone,1769,18309200
frame,standalone,1770,19555300
frame,standalone,1771,21202600
frame,standalone,1772,20550700
frame,standalone,1773,21598900
frame,standalone,1774,18354300
frame,standalone,1775,18676900
frame,standalone,1776,18988600
frame,standalone,1777,20394800
frame,standalone,1778,17292600
frame,standalone,1779,17788000
frame,standalone,1780,22890900
frame,standalone,1781,18045000
frame,standalone,1782,18950500
frame,standalone,1783,20613800
frame,standalone,1784,18271400
frame,standalone,1785,19048300
frame,standalone,1786,21956200
frame,standalone,1787,21010500
frame,standalone,1788,24723000
frame,standalone,1789,19902300
frame,standalone,1790,20850900
frame,standalone,1791,22565100
frame,standalone,1792,20175800
frame,standalone,1793,27285400
frame,standalone,1794,20142600
frame,standalone,1795,17690200
frame,standalone,1796,18765300
frame,standalone,1797,21623800
frame,standalone,1798,21342600
frame,standalone,1799,22901300
frame,standalone,1800,17495200
frame,standalone,1801,18965500
frame,standalone,1802,17164800
frame,standalone,1803,18159800
frame,standalone,1804,25396100
frame,standalone,1805,21815300
frame,standalone,1806,17938500
frame,standalone,1807,20749600
frame,standalone,1808,19102000
frame,standalone,1809,23324000
frame,standalone,1810,22537700
frame,standalone,1811,18563700
frame,standalone,1812,17727500
frame,standalone,1813,20105500
frame,standalone,1814,19422400
frame,standalone,1815,22746500
frame,standalone,1816,21088100
frame,standalone,1817,20710400
frame,standalone,1818,19619600
frame,standalone,1819,18623400
frame,standalone,1820,20820000
frame,standalone,1821,19069600
frame,standalone,1822,19480700
frame,standalone,1823,21278200
frame,standalone,1824,17805900
frame,standalone,1825,19757500
frame,standalone,1826,18338100
frame,standalone,1827,19745300
frame,standalone,1828,20125700
frame,standalone,1829,21503000
frame,standalone,1830,17729700
frame,standalone,1831,17390000
frame,standalone,1832,22012400
frame,standalone,1833,22028300
frame,standalone,1834,17262700
frame,standalone,1835,18111300
frame,standalone,1836,19745200
frame,standalone,1837,19987000
frame,standalone,1838,18365700
frame,standalone,1839,19705900
frame,standalone,1840,20123100
frame,standalone,1841,21047500
frame,standalone,1842,18214600
frame,standalone,1843,18825900
frame,standalone,1844,19474100
frame,standalone,1845,19121900
frame,standalone,1846,19687300
frame,standalone,1847,20709200
frame,standalone,1848,17950100
frame,standalone,1849,19198800
frame,standalone,1850,18718800
frame,standalone,1851,20722400
frame,standalone,1852,18633900
frame,standalone,1853,19461600
frame,standalone,1854,19795900
frame,standalone,1855,23223800
frame,standalone,1856,20504400
frame,standalone,1857,20921400
frame,standalone,1858,21065200
frame,standalone,1859,20625700
frame,standalone,1860,18639400
frame,standalone,1861,19086500
frame,standalone,1862,17948800
frame,standalone,1863,20609700
frame,standalone,1864,20008800
frame,standalone,1865,17287500
frame,standalone,1866,18145000
frame,standalone,1867,19779300
frame,standalone,1868,21615100
frame,standalone,1869,17913900
frame,standalone,1870,20119300
frame,standalone,1871,19924100
frame,standalone,1872,18330900
frame,standalone,1873,20319100
frame,standalone,1874,21943700
frame,standalone,1875,18730400
frame,standalone,1876,18742100
frame,standalone,1877,17133000
frame,standalone,1878,17130200
frame,standalone,1879,19260300
frame,standalone,1880,19498600
frame,standalone,1881,19524200
frame,standalone,1882,17479700
frame,standalone,1883,18328500
frame,standalone,1884,20882700
frame,standalone,1885,18082400
frame,standalone,1886,17502100
frame,standalone,1887,17134600
frame,standalone,1888,22594300
frame,standalone,1889,18621900
frame,standalone,1890,20731700
frame,standalone,1891,21095300
frame,standalone,1892,21746000
frame,standalone,1893,25497400
frame,standalone,1894,19648700
frame,standalone,1895,18363200
frame,standalone,1896,21414700
frame,standalone,1897,19568900
frame,standalone,1898,17324000
frame,standalone,1899,17508800
frame,standalone,1900,22447000
frame,standalone,1901,18214200
frame,standalone,1902,21737100
frame,standalone,1903,20518600
frame,standalone,1904,17779300
frame,standalone,1905,19678700
frame,standalone,1906,18331900
frame,standalone,1907,20010700
frame,standalone,1908,17620600
frame,standalone,1909,18846600
frame,standalone,1910,20307500
frame,standalone,1911,19990000
frame,standalone,1912,17826200
frame,standalone,1913,25097800
frame,standalone,1914,20603400
frame,standalone,1915,18526800
frame,standalone,1916,17246100
frame,standalone,1917,19225500
frame,standalone,1918,22109100
frame,standalone,1919,20804200
frame,standalone,1920,21636900
frame,standalone,1921,21208200
frame,standalone,1922,20326700
frame,standalone,1923,20932700
frame,standalone,1924,20093900
frame,standalone,1925,21600700
frame,standalone,1926,18588300
frame,standalone,1927,19675600
frame,standalone,1928,19070300
frame,standalone,1929,18186600
frame,standalone,1930,23159400
frame,standalone,1931,18668000
frame,standalone,1932,20357200
frame,standalone,1933,21259700
frame,standalone,1934,20923900
frame,standalone,1935,19716800
frame,standalone,1936,18352300
frame,standalone,1937,21384200
frame,standalone,1938,21690600
frame,standalone,1939,22312300
frame,standalone,1940,19918500
frame,standalone,1941,19367100
frame,standalone,1942,25135800
frame,standalone,1943,21880800
frame,standalone,1944,19397000
frame,standalone,1945,18603000
frame,standalone,1946,24960400
frame,standalone,1947,20549600
frame,standalone,1948,20584600
frame,standalone,1949,20271500
frame,standalone,1950,19935000
frame,standalone,1951,19109900
frame,standalone,1952,22198800
frame,standalone,1953,21962800
frame,standalone,1954,20464500
frame,standalone,1955,17943600
frame,standalone,1956,17893500
frame,standalone,1957,19111900
frame,standalone,1958,23553900
frame,standalone,1959,20769200
frame,standalone,1960,17597900
frame,standalone,1961,19066800
frame,standalone,1962,21712200
frame,standalone,1963,25869400
frame,standalone,1964,20121700
frame,standalone,1965,18868900
frame,standalone,1966,24311500
frame,standalone,1967,20740900
frame,standalone,1968,21764600
frame,standalone,1969,21823200
frame,standalone,1970,23422800
frame,standalone,1971,19076400
frame,standalone,1972,21389900
frame,standalone,1973,23081400
frame,standalone,1974,20224300
frame,standalone,1975,18485400
frame,standalone,1976,21016300
frame,standalone,1977,18441700
frame,standalone,1978,21126700
frame,standalone,1979,21595100
frame,standalone,1980,18818400
frame,standalone,1981,20891900
frame,standalone,1982,24398700
frame,standalone,1983,19401800
frame,standalone,1984,25300100
frame,standalone,1985,21377700
frame,standalone,1986,21339000
frame,standalone,1987,22209500
frame,standalone,1988,19412300
frame,standalone,1989,23629400
frame,standalone,1990,21470800
frame,standalone,1991,20353200
frame,standalone,1992,21731600
frame,standalone,1993,20895500
frame,standalone,1994,24558600
frame,standalone,1995,23086000
frame,standalone,1996,23617500
frame,standalone,1997,21936000
frame,standalone,1998,20595200
frame,standalone,1999,20967800
frame,standalone,2000,20785900
frame,standalone,2001,20784700
frame,standalone,2002,22702100
frame,standalone,2003,21197100
frame,standalone,2004,20764700
frame,standalone,2005,26926500
frame,standalone,2006,24110600
frame,standalone,2007,21475500
frame,standalone,2008,20979700
frame,standalone,2009,23131100
frame,standalone,2010,23901800
frame,standalone,2011,21378800
frame,standalone,2012,24488200
frame,standalone,2013,24772100
frame,standalone,2014,25299700
frame,standalone,2015,25089400
frame,standalone,2016,21804000
frame,standalone,2017,22759500
frame,standalone,2018,24226600
frame,standalone,2019,26929000
frame,standalone,2020,24478500
frame,standalone,2021,22091800
frame,standalone,2022,24272500
frame,standalone,2023,24169200
frame,standalone,2024,24233500
frame,standalone,2025,28013800
frame,standalone,2026,24760800
frame,standalone,2027,23364900
frame,standalone,2028,27569900
frame,standalone,2029,25855500
frame,standalone,2030,24069400
frame,standalone,2031,25496200
frame,standalone,2032,24113800
frame,standalone,2033,24865400
frame,standalone,2034,25123900
frame,standalone,2035,26881400
frame,standalone,2036,26902400
frame,standalone,2037,23812300
frame,standalone,2038,27779300
frame,standalone,2039,22640800
frame,standalone,2040,24389900
frame,standalone,2041,24559200
frame,standalone,2042,25989800
frame,standalone,2043,24054600
frame,standalone,2044,22573100
frame,standalone,2045,22726700
frame,standalone,2046,22661800
frame,standalone,2047,22405000
frame,standalone,2048,24104300
frame,standalone,2049,21579700
frame,standalone,2050,26925800
frame,standalone,2051,23836600
frame,standalone,2052,23810700
frame,standalone,2053,21326700
frame,standalone,2054,23836300
frame,standalone,2055,20798100
frame,standalone,2056,22571900
frame,standalone,2057,22895000
frame,standalone,2058,21215700
frame,standalone,2059,20449500
frame,standalone,2060,22679200
frame,standalone,2061,23651300
frame,standalone,2062,24817500
frame,standalone,2063,23516700
frame,standalone,2064,29987000
frame,standalone,2065,27342200
frame,standalone,2066,24108600
frame,standalone,2067,23823400
frame,standalone,2068,22085400
frame,standalone,2069,21540600
frame,standalone,2070,23802000
frame,standalone,2071,25018600
frame,standalone,2072,21460200
frame,standalone,2073,20385700
frame,standalone,2074,26173600
frame,standalone,2075,25826500
frame,standalone,2076,25095600
frame,standalone,2077,23363200
frame,standalone,2078,22285500
frame,standalone,2079,25684400
frame,standalone,2080,21680800
frame,standalone,2081,24638800
frame,standalone,2082,23571600
frame,standalone,2083,21673400
frame,standalone,2084,22602900
frame,standalone,2085,20519800
frame,standalone,2086,20699300
frame,standalone,2087,22878900
frame,standalone,2088,23407000
frame,standalone,2089,21423200
frame,standalone,2090,20932500
frame,standalone,2091,23076500
frame,standalone,2092,25331800
frame,standalone,2093,25086700
frame,standalone,2094,23959500
frame,standalone,2095,22179800
frame,standalone,2096,21598700
frame,standalone,2097,20562600
frame,standalone,2098,24262500
frame,standalone,2099,22904000
frame,standalone,2100,24983600
frame,standalone,2101,24680300
frame,standalone,2102,23888800
frame,standalone,2103,25708200
frame,standalone,2104,25987700
frame,standalone,2105,22968200
frame,standalone,2106,23008700
frame,standalone,2107,27346100
frame,standalone,2108,26207300
frame,standalone,2109,26166800
frame,standalone,2110,24530200
frame,standalone,2111,22770700
frame,standalone,2112,23749700
frame,standalone,2113,28891600
frame,standalone,2114,27344600
frame,standalone,2115,23253100
frame,standalone,2116,26939300
frame,standalone,2117,24274200
frame,standalone,2118,23982000
frame,standalone,2119,27251600
frame,standalone,2120,24332000
frame,standalone,2121,26998500
frame,standalone,2122,28861900
frame,standalone,2123,27971000
frame,standalone,2124,24455000
frame,standalone,2125,23873900
frame,standalone,2126,26303600
frame,standalone,2127,24138000
frame,standalone,2128,24976500
frame,standalone,2129,27600500
frame,standalone,2130,23403900
frame,standalone,2131,25363900
frame,standalone,2132,23198500
frame,standalone,2133,28987000
frame,standalone,2134,23425500
frame,standalone,2135,22148000
frame,standalone,2136,27085400
frame,standalone,2137,22562900
frame,standalone,2138,23271400
frame,standalone,2139,24261300
frame,standalone,2140,29052300
frame,standalone,2141,25615800
frame,standalone,2142,20496500
frame,standalone,2143,20483200
frame,standalone,2144,20043400
frame,standalone,2145,25258300
frame,standalone,2146,24527300
frame,standalone,2147,25095200
frame,standalone,2148,21846000
frame,standalone,2149,20324400
frame,standalone,2150,24185600
frame,standalone,2151,20644100
frame,standalone,2152,22835700
frame,standalone,2153,21685300
frame,standalone,2154,20601700
frame,standalone,2155,19121800
frame,standalone,2156,23215600
frame,standalone,2157,18675400
frame,standalone,2158,19166600
frame,standalone,2159,21607600
frame,standalone,2160,19122300
frame,standalone,2161,23322800
frame,standalone,2162,22190000
frame,standalone,2163,22580600
frame,standalone,2164,22867600
frame,standalone,2165,21437300
frame,standalone,2166,24559700
frame,standalone,2167,19645000
frame,standalone,2168,18577000
frame,standalone,2169,18264600
frame,standalone,2170,19082700
frame,standalone,2171,19450400
frame,standalone,2172,19684400
frame,standalone,2173,22503500
frame,standalone,2174,18199700
frame,standalone,2175,19967600
frame,standalone,2176,20567400
frame,standalone,2177,23120900
frame,standalone,2178,22090000
frame,standalone,2179,19792300
frame,standalone,2180,19968500
frame,standalone,2181,17755700
frame,standalone,2182,18722900
frame,standalone,2183,21605800
frame,standalone,2184,19475100
frame,standalone,2185,19887000
frame,standalone,2186,19354900
frame,standalone,2187,18880100
frame,standalone,2188,17745600
frame,standalone,2189,18858400
frame,standalone,2190,22593000
frame,standalone,2191,19822000
frame,standalone,2192,18177500
frame,standalone,2193,20163400
frame,standalone,2194,24532200
frame,standalone,2195,27095600
frame,standalone,2196,21154700
frame,standalone,2197,18597100
frame,standalone,2198,18562300
frame,standalone,2199,21276800
frame,standalone,2200,19166300
frame,standalone,2201,18333800
frame,standalone,2202,23357300
frame,standalone,2203,19040000
frame,standalone,2204,17659200
frame,standalone,2205,19765300
frame,standalone,2206,18398000
frame,standalone,2207,18080600
frame,standalone,2208,22903600
frame,standalone,2209,17531000
frame,standalone,2210,19894300
frame,standalone,2211,24420700
frame,standalone,2212,20318200
frame,standalone,2213,18298900
frame,standalone,2214,23732700
frame,standalone,2215,21818100
frame,standalone,2216,18383200
frame,standalone,2217,21347700
frame,standalone,2218,19191200
frame,standalone,2219,19424000
frame,standalone,2220,20200500
frame,standalone,2221,17610700
frame,standalone,2222,20615000
frame,standalone,2223,18944100
frame,standalone,2224,22387400
frame,standalone,2225,21395300
frame,standalone,2226,20769900
frame,standalone,2227,25107100
frame,standalone,2228,21146800
frame,standalone,2229,20249200
frame,standalone,2230,17351900
frame,standalone,2231,18235100
frame,standalone,2232,17352600
frame,standalone,2233,22908800
frame,standalone,2234,20704900
frame,standalone,2235,19601900
frame,standalone,2236,19594400
frame,standalone,2237,19938700
frame,standalone,2238,17808300
frame,standalone,2239,18556300
frame,standalone,2240,19762700
frame,standalone,2241,20058000
frame,standalone,2242,17937700
frame,standalone,2243,17905400
frame,standalone,2244,17599100
frame,standalone,2245,18941100
frame,standalone,2246,19503600
frame,standalone,2247,21215000
frame,standalone,2248,19928300
frame,standalone,2249,21421400
frame,standalone,2250,18243100
frame,standalone,2251,19647500
frame,standalone,2252,18618100
frame,standalone,2253,20066700
frame,standalone,2254,21777600
frame,standalone,2255,17381600
frame,standalone,2256,19612700
frame,standalone,2257,23297100
frame,standalone,2258,19661600
frame,standalone,2259,19751700
frame,standalone,2260,18271900
frame,standalone,2261,22439500
frame,standalone,2262,25275400
frame,standalone,2263,21304600
frame,standalone,2264,17126900
frame,standalone,2265,18463800
frame,standalone,2266,19555300
frame,standalone,2267,21372100
frame,standalone,2268,18104000
frame,standalone,2269,18643200
frame,standalone,2270,18350500
frame,standalone,2271,18145200
frame,standalone,2272,18939900
frame,standalone,2273,21751800
frame,standalone,2274,22443300
frame,standalone,2275,17811100
frame,standalone,2276,17336000
frame,standalone,2277,18719000
frame,standalone,2278,19083300
frame,standalone,2279,24525100
frame,standalone,2280,18130900
frame,standalone,2281,18597900
frame,standalone,2282,18275500
frame,standalone,2283,18781100
frame,standalone,2284,18388500
frame,standalone,2285,18682400
frame,standalone,2286,20818300
frame,standalone,2287,17739300
frame,standalone,2288,17267500
frame,standalone,2289,17330300
frame,standalone,2290,18224600
frame,standalone,2291,21641800
frame,standalone,2292,20287600
frame,standalone,2293,17213100
frame,standalone,2294,17126600
frame,standalone,2295,17176900
frame,standalone,2296,20619300
frame,standalone,2297,22833800
frame,standalone,2298,17571300
frame,standalone,2299,19113100
frame,standalone,2300,21349800
frame,standalone,2301,17379400
frame,standalone,2302,20119000
frame,standalone,2303,18892100
frame,standalone,2304,18407500
frame,standalone,2305,19038100
frame,standalone,2306,21972500
frame,standalone,2307,17600700
frame,standalone,2308,18119200
frame,standalone,2309,22881500
frame,standalone,2310,19401700
frame,standalone,2311,20712500
frame,standalone,2312,18771300
frame,standalone,2313,19427000
frame,standalone,2314,23370800
frame,standalone,2315,21448100
frame,standalone,2316,19694900
frame,standalone,2317,19463400
frame,standalone,2318,17916100
frame,standalone,2319,18094400
frame,standalone,2320,24766800
frame,standalone,2321,23605300
frame,standalone,2322,18798300
frame,standalone,2323,17607700
frame,standalone,2324,19044400
frame,standalone,2325,23770100
frame,standalone,2326,21135000
frame,standalone,2327,19122100
frame,standalone,2328,17289500
frame,standalone,2329,20428600
frame,standalone,2330,24971300
frame,standalone,2331,22784700
frame,standalone,2332,18922400
frame,standalone,2333,23035500
frame,standalone,2334,20533000
frame,standalone,2335,17985600
frame,standalone,2336,21268300
frame,standalone,2337,24066500
frame,standalone,2338,19056300
frame,standalone,2339,20513600
frame,standalone,2340,18523800
frame,standalone,2341,21886600
frame,standalone,2342,23021000
frame,standalone,2343,19517000
frame,standalone,2344,17657400
frame,standalone,2345,23026100
frame,standalone,2346,23139000
frame,standalone,2347,18838200
frame,standalone,2348,19647700
frame,standalone,2349,25756800
frame,standalone,2350,21870300
frame,standalone,2351,25097500
frame,standalone,2352,22855500
frame,standalone,2353,21714100
frame,standalone,2354,20071700
frame,standalone,2355,18298300
frame,standalone,2356,18465200
frame,standalone,2357,20196800
frame,standalone,2358,21373100
frame,standalone,2359,17522700
frame,standalone,2360,20349300
frame,standalone,2361,22129000
frame,standalone,2362,22619000
frame,standalone,2363,23817000
frame,standalone,2364,19967100
frame,standalone,2365,18657400
frame,standalone,2366,18179300
frame,standalone,2367,18970500
frame,standalone,2368,18499400
frame,standalone,2369,22241000
frame,standalone,2370,19406900
frame,standalone,2371,17282300
frame,standalone,2372,23341900
frame,standalone,2373,25927700
frame,standalone,2374,30469300
frame,standalone,2375,20712400
frame,standalone,2376,20772400
frame,standalone,2377,25852600
frame,standalone,2378,19506200
frame,standalone,2379,22185100
frame,standalone,2380,23593000
frame,standalone,2381,22521700
frame,standalone,2382,18347300
frame,standalone,2383,18683900
frame,standalone,2384,22935100
frame,standalone,2385,20354800
frame,standalone,2386,19048600
frame,standalone,2387,19462900
frame,standalone,2388,18023500
frame,standalone,2389,19012500
frame,standalone,2390,18108700
frame,standalone,2391,17446100
frame,standalone,2392,18235100
frame,standalone,2393,19394100
frame,standalone,2394,19113500
frame,standalone,2395,18112000
frame,standalone,2396,20765600
frame,standalone,2397,21531800
frame,standalone,2398,17560200
frame,standalone,2399,17199400
frame,standalone,2400,19334800
frame,standalone,2401,27340200
frame,standalone,2402,18214200
frame,standalone,2403,18529800
frame,standalone,2404,20434900
frame,standalone,2405,22222600
frame,standalone,2406,21597600
frame,standalone,2407,19269500
frame,standalone,2408,18072600
frame,standalone,2409,19508800
frame,standalone,2410,20774000
frame,standalone,2411,21516500
frame,standalone,2412,23448200
frame,standalone,2413,20304900
frame,standalone,2414,20837900
frame,standalone,2415,20882900
frame,standalone,2416,17949200
frame,standalone,2417,21111100
frame,standalone,2418,19272800
frame,standalone,2419,19855100
frame,standalone,2420,23118900
frame,standalone,2421,23320500
frame,standalone,2422,18754200
frame,standalone,2423,19280400
frame,standalone,2424,19884400
frame,standalone,2425,23086600
frame,standalone,2426,21165400
frame,standalone,2427,18602100
frame,standalone,2428,23998500
frame,standalone,2429,20860600
frame,standalone,2430,18088400
frame,standalone,2431,17556600
frame,standalone,2432,20876100
frame,standalone,2433,20044400
frame,standalone,2434,24951900
frame,standalone,2435,21881200
frame,standalone,2436,20871100
frame,standalone,2437,19280900
frame,standalone,2438,22605300
frame,standalone,2439,22439300
frame,standalone,2440,21914300
frame,standalone,2441,21152500
frame,standalone,2442,21718400
frame,standalone,2443,19327400
frame,standalone,2444,19471700
frame,standalone,2445,20148300
frame,standalone,2446,20682600
frame,standalone,2447,19048300
frame,standalone,2448,19916400
frame,standalone,2449,21612100
frame,standalone,2450,22503500
frame,standalone,2451,23629000
frame,standalone,2452,21306400
frame,standalone,2453,18710800
frame,standalone,2454,18767700
frame,standalone,2455,20655100
frame,standalone,2456,26430800
frame,standalone,2457,20426600
frame,standalone,2458,22262200
frame,standalone,2459,22617700
frame,standalone,2460,20688400
frame,standalone,2461,24004500
frame,standalone,2462,20198900
frame,standalone,2463,22606700
frame,standalone,2464,19108000
frame,standalone,2465,18929500
frame,standalone,2466,22994100
frame,standalone,2467,27649600
frame,standalone,2468,22835800
frame,standalone,2469,21091400
frame,standalone,2470,23092500
frame,standalone,2471,19563200
frame,standalone,2472,22655500
frame,standalone,2473,21061500
frame,standalone,2474,19230900
frame,standalone,2475,19583300
frame,standalone,2476,22028800
frame,standalone,2477,26309300
frame,standalone,2478,20588800
frame,standalone,2479,20856800
frame,standalone,2480,26357500
frame,standalone,2481,25571300
frame,standalone,2482,23546700
frame,standalone,2483,23761800
frame,standalone,2484,22255700
frame,standalone,2485,21276300
frame,standalone,2486,22357400
frame,standalone,2487,22659200
frame,standalone,2488,26898400
frame,standalone,2489,24143900
frame,standalone,2490,22020100
frame,standalone,2491,25036200
frame,standalone,2492,24435900
frame,standalone,2493,23197200
frame,standalone,2494,24305100
frame,standalone,2495,25349700
frame,standalone,2496,24013900
frame,standalone,2497,23825700
frame,standalone,2498,23868000
frame,standalone,2499,25598900
frame,standalone,2500,26179800
frame,standalone,2501,28877400
frame,standalone,2502,26399400
frame,standalone,2503,23913300
frame,standalone,2504,28724400
frame,standalone,2505,26369200
frame,standalone,2506,25661100
frame,standalone,2507,24426700
frame,standalone,2508,23954500
frame,standalone,2509,25612000
frame,standalone,2510,26484200
frame,standalone,2511,26841400
frame,standalone,2512,26595700
frame,standalone,2513,25773500
frame,standalone,2514,26568500
frame,standalone,2515,24192800
frame,standalone,2516,22474200
frame,standalone,2517,25878700
frame,standalone,2518,29155000
frame,standalone,2519,24018800
frame,standalone,2520,22850200
frame,standalone,2521,26489100
frame,standalone,2522,26082200
frame,standalone,2523,21537500
frame,standalone,2524,22370600
frame,standalone,2525,22177200
frame,standalone,2526,21590300
frame,standalone,2527,23006400
frame,standalone,2528,28053100
frame,standalone,2529,22721400
frame,standalone,2530,23387200
frame,standalone,2531,29241000
frame,standalone,2532,27172500
frame,standalone,2533,22547500
frame,standalone,2534,26015600
frame,standalone,2535,25418400
frame,standalone,2536,23673400
frame,standalone,2537,23352000
frame,standalone,2538,25939800
frame,standalone,2539,21816400
frame,standalone,2540,25456200
frame,standalone,2541,25482600
frame,standalone,2542,22877400
frame,standalone,2543,24513800
frame,standalone,2544,21307100
frame,standalone,2545,21969300
frame,standalone,2546,23445600
frame,standalone,2547,22105300
frame,standalone,2548,23577700
frame,standalone,2549,21940600
frame,standalone,2550,21524600
frame,standalone,2551,22135500
frame,standalone,2552,21881400
frame,standalone,2553,21458800
frame,standalone,2554,24421400
frame,standalone,2555,23980200
frame,standalone,2556,22109900
frame,standalone,2557,21261100
frame,standalone,2558,21725600
frame,standalone,2559,22745100
frame,standalone,2560,20272000
frame,standalone,2561,22559800
frame,standalone,2562,20368100
frame,standalone,2563,21143100
frame,standalone,2564,22582700
frame,standalone,2565,20336600
frame,standalone,2566,25621200
frame,standalone,2567,24862200
frame,standalone,2568,20929800
frame,standalone,2569,21973400
frame,standalone,2570,24250100
frame,standalone,2571,27892800
frame,standalone,2572,24622200
frame,standalone,2573,24004300
frame,standalone,2574,23840400
frame,standalone,2575,23838100
frame,standalone,2576,22516200
frame,standalone,2577,24756300
frame,standalone,2578,21192700
frame,standalone,2579,24627000
frame,standalone,2580,33793200
frame,standalone,2581,33350300
frame,standalone,2582,28110600
frame,standalone,2583,23100500
frame,standalone,2584,27952400
frame,standalone,2585,24617200
frame,standalone,2586,24501300
frame,standalone,2587,23741300
frame,standalone,2588,22657700
frame,standalone,2589,26899100
frame,standalone,2590,24317800
frame,standalone,2591,22363300
frame,standalone,2592,23469900
frame,standalone,2593,26001100
frame,standalone,2594,25092400
frame,standalone,2595,22376800
frame,standalone,2596,28727400
frame,standalone,2597,23521400
frame,standalone,2598,25698400
frame,standalone,2599,22529300
frame,standalone,2600,27576600
frame,standalone,2601,26943400
frame,standalone,2602,26417600
frame,standalone,2603,22594800
frame,standalone,2604,26108500
frame,standalone,2605,23785400
frame,standalone,2606,24486600
frame,standalone,2607,24464900
frame,standalone,2608,24776000
frame,standalone,2609,21894700
frame,standalone,2610,23436500
frame,standalone,2611,22084400
frame,standalone,2612,22490900
frame,standalone,2613,22078600
frame,standalone,2614,21912600
frame,standalone,2615,20396600
frame,standalone,2616,21075100
frame,standalone,2617,25868300
frame,standalone,2618,24277700
frame,standalone,2619,21023200
frame,standalone,2620,21890200
frame,standalone,2621,22903400
frame,standalone,2622,22430800
frame,standalone,2623,21590000
frame,standalone,2624,21485800
frame,standalone,2625,20265300
frame,standalone,2626,22134200
frame,standalone,2627,22903000
frame,standalone,2628,21078800
frame,standalone,2629,21771200
frame,standalone,2630,23818300
frame,standalone,2631,19832000
frame,standalone,2632,19620400
frame,standalone,2633,19857400
frame,standalone,2634,22517500
frame,standalone,2635,20365600
frame,standalone,2636,19440000
frame,standalone,2637,22873900
frame,standalone,2638,21153300
frame,standalone,2639,19080300
frame,standalone,2640,20408800
frame,standalone,2641,22448900
frame,standalone,2642,18496400
frame,standalone,2643,19141200
frame,standalone,2644,21696100
frame,standalone,2645,20669700
frame,standalone,2646,22535500
frame,standalone,2647,20172200
frame,standalone,2648,18441300
frame,standalone,2649,19585900
frame,standalone,2650,21923500
frame,standalone,2651,22680100
frame,standalone,2652,21132100
frame,standalone,2653,21442900
frame,standalone,2654,18485100
frame,standalone,2655,20121900
frame,standalone,2656,19218600
frame,standalone,2657,20776600
frame,standalone,2658,18284600
frame,standalone,2659,19983400
frame,standalone,2660,22565000
frame,standalone,2661,23011400
frame,standalone,2662,22791100
frame,standalone,2663,18313700
frame,standalone,2664,17560400
frame,standalone,2665,22677200
frame,standalone,2666,24121400
frame,standalone,2667,18506100
frame,standalone,2668,18610800
frame,standalone,2669,22608700
frame,standalone,2670,17553600
frame,standalone,2671,21608400
frame,standalone,2672,20368200
frame,standalone,2673,19981200
frame,standalone,2674,19691100
frame,standalone,2675,19095500
frame,standalone,2676,20015000
frame,standalone,2677,21670500
frame,standalone,2678,21412100
frame,standalone,2679,17180000
frame,standalone,2680,17612900
frame,standalone,2681,18736300
frame,standalone,2682,17800200
frame,standalone,2683,20269600
frame,standalone,2684,19716600
frame,standalone,2685,21998800
frame,standalone,2686,17917000
frame,standalone,2687,17561900
frame,standalone,2688,18763200
frame,standalone,2689,23701000
frame,standalone,2690,20154200
frame,standalone,2691,17450400
frame,standalone,2692,21380300
frame,standalone,2693,18982400
frame,standalone,2694,20339500
frame,standalone,2695,20945500
frame,standalone,2696,19442500
frame,standalone,2697,18343100
frame,standalone,2698,18967400
frame,standalone,2699,18943300
frame,standalone,2700,20706200
frame,standalone,2701,18063800
frame,standalone,2702,17764200
frame,standalone,2703,18872600
frame,standalone,2704,17435800
frame,standalone,2705,18590900
frame,standalone,2706,20978000
frame,standalone,2707,19568800
frame,standalone,2708,20878400
frame,standalone,2709,19404200
frame,standalone,2710,17740700
frame,standalone,2711,19265900
frame,standalone,2712,18356500
frame,standalone,2713,19987900
frame,standalone,2714,22735200
frame,standalone,2715,20399000
frame,standalone,2716,20167100
frame,standalone,2717,18019700
frame,standalone,2718,20570300
frame,standalone,2719,24543700
frame,standalone,2720,18616800
frame,standalone,2721,17436500
frame,standalone,2722,27101300
frame,standalone,2723,23525300
frame,standalone,2724,25298500
frame,standalone,2725,22811000
frame,standalone,2726,23887600
frame,standalone,2727,25818100
